cut_in_speed,wind_curve_V0,wind_curve_b,powerScale,error_percent,error_abs,kde_error
3.988,9.918,1.092,0.805,1.8,969.0,498.0
2.794,9.869,0.941,0.819,3.9,2075.0,442.0
2.83,9.804,1.008,0.803,4.9,2602.0,466.0
2.771,9.933,0.695,0.818,5.1,2708.0,315.0
2.996,9.715,1.035,0.809,6.8,3577.0,474.0
3.451,9.958,0.994,0.873,7.5,3980.0,435.0
2.938,9.702,0.951,0.826,7.6,4014.0,439.0
2.177,9.98,0.877,0.879,8.0,4236.0,382.0
2.424,9.895,0.988,0.85,9.1,4792.0,432.0
3.033,9.895,0.886,0.841,9.9,5230.0,385.0
3.131,9.527,1.198,0.83,10.3,5465.0,523.0
2.401,9.681,0.714,0.813,10.3,5470.0,320.0
2.135,9.668,0.712,0.82,10.7,5648.0,319.0
2.081,9.917,0.7,0.853,11.6,6162.0,276.0
2.812,9.634,0.672,0.802,11.9,6286.0,291.0
2.921,9.71,1.086,0.838,12.9,6808.0,466.0
3.898,9.976,0.934,0.921,13.5,7141.0,414.0
2.094,9.681,1.074,0.835,13.7,7223.0,462.0
3.51,9.876,0.34,0.826,14.1,7462.0,509.0
2.229,9.935,0.917,0.893,14.7,7789.0,405.0
2.662,9.63,0.968,0.878,15.5,8219.0,418.0
3.637,9.65,0.408,0.822,16.0,8470.0,398.0
3.143,9.284,1.033,0.819,16.8,8892.0,466.0
3.355,9.381,0.716,0.825,16.9,8920.0,323.0
3.967,9.418,0.598,0.806,17.2,9078.0,296.0
3.455,9.832,0.499,0.835,17.2,9087.0,226.0
3.932,9.699,0.297,0.802,17.3,9164.0,639.0
2.538,9.295,0.892,0.801,17.4,9195.0,403.0
2.206,9.359,0.724,0.822,17.4,9195.0,325.0
3.342,9.749,0.302,0.808,17.6,9318.0,615.0
3.121,9.991,0.58,0.88,18.3,9688.0,191.0
3.948,9.889,0.65,0.898,19.1,10086.0,237.0
2.109,9.168,1.126,0.812,19.2,10137.0,498.0
3.963,9.224,0.841,0.816,19.3,10192.0,384.0
3.531,9.291,0.632,0.819,19.7,10421.0,312.0
2.244,9.767,0.79,0.894,20.2,10697.0,330.0
2.907,9.818,0.408,0.86,20.3,10716.0,345.0
2.561,9.611,0.32,0.804,20.3,10749.0,586.0
2.967,9.727,0.844,0.89,20.6,10891.0,364.0
2.85,9.356,0.482,0.825,20.7,10977.0,328.0
2.572,9.928,0.539,0.919,20.9,11045.0,191.0
3.508,9.133,0.849,0.812,21.4,11324.0,391.0
3.205,9.832,0.352,0.837,21.6,11429.0,473.0
2.855,9.582,1.171,0.892,22.0,11644.0,505.0
2.688,9.524,0.291,0.823,22.5,11887.0,673.0
2.476,9.888,0.864,0.945,22.5,11910.0,386.0
2.841,9.846,0.328,0.862,22.7,11997.0,527.0
2.905,9.05,0.94,0.803,22.9,12095.0,433.0
2.819,9.591,0.21,0.825,24.1,12733.0,913.0
2.528,9.554,0.94,0.915,24.1,12768.0,414.0
2.231,9.267,0.404,0.814,24.3,12875.0,454.0
2.126,9.828,0.817,0.971,24.6,13026.0,361.0
3.069,9.953,1.073,0.982,25.0,13215.0,504.0
3.362,9.8,0.468,0.883,25.2,13345.0,241.0
3.29,9.459,1.132,0.897,25.4,13439.0,492.0
2.58,9.705,1.106,0.956,25.4,13459.0,495.0
2.177,8.9,1.04,0.822,26.0,13768.0,480.0
2.824,9.467,0.968,0.892,26.2,13840.0,431.0
3.53,9.399,0.493,0.853,26.3,13925.0,302.0
3.241,9.679,0.283,0.853,26.5,14014.0,675.0
2.252,8.868,1.024,0.833,26.9,14220.0,476.0
3.711,9.119,0.248,0.832,27.0,14266.0,816.0
2.89,9.151,0.344,0.825,27.0,14289.0,593.0
3.516,8.862,0.959,0.805,27.3,14421.0,453.0
2.116,9.809,0.415,0.922,27.4,14484.0,309.0
3.624,9.534,0.635,0.922,27.8,14729.0,273.0
2.421,9.223,0.622,0.847,28.7,15191.0,297.0
3.457,9.918,0.786,0.984,28.7,15208.0,360.0
2.023,8.771,1.171,0.802,28.7,15208.0,527.0
2.509,9.35,1.04,0.892,28.8,15224.0,465.0
2.219,9.678,0.447,0.91,29.0,15367.0,279.0
3.92,9.227,0.526,0.847,29.2,15440.0,316.0
3.08,9.789,1.035,0.982,29.8,15765.0,488.0
3.768,9.025,1.091,0.849,29.9,15839.0,481.0
2.781,8.801,0.715,0.806,30.1,15940.0,380.0
2.162,9.509,0.301,0.878,30.2,15993.0,638.0
2.371,9.36,0.384,0.87,30.2,15998.0,461.0
2.03,9.3,1.009,0.894,30.3,16015.0,456.0
3.013,9.853,0.286,0.924,30.9,16362.0,640.0
3.83,9.528,0.926,0.944,31.4,16618.0,431.0
2.904,9.085,0.651,0.858,31.5,16676.0,320.0
3.377,9.613,0.697,0.955,31.7,16763.0,314.0
3.823,9.225,1.095,0.912,31.8,16805.0,492.0
3.901,9.844,0.688,0.991,32.1,16999.0,314.0
3.124,9.018,0.726,0.871,32.3,17116.0,344.0
3.213,9.453,0.491,0.899,32.4,17136.0,281.0
3.156,9.436,1.146,0.93,32.6,17233.0,519.0
3.299,8.763,0.407,0.832,32.8,17339.0,537.0
2.517,8.982,0.738,0.877,33.2,17581.0,351.0
2.694,9.779,0.444,0.957,33.4,17679.0,281.0
3.498,8.573,0.999,0.807,34.2,18084.0,486.0
2.547,8.623,0.735,0.804,34.2,18086.0,404.0
2.833,8.556,1.114,0.826,34.3,18131.0,523.0
3.627,9.006,0.487,0.848,34.6,18321.0,377.0
3.636,9.842,0.325,0.955,35.2,18629.0,517.0
2.402,9.597,0.973,0.995,35.7,18881.0,469.0
2.889,9.055,0.378,0.86,35.7,18891.0,524.0
3.774,8.503,1.06,0.811,35.7,18894.0,511.0
2.078,8.775,1.175,0.859,36.2,19148.0,525.0
3.221,8.51,0.25,0.804,36.6,19385.0,884.0
2.34,8.773,1.048,0.851,36.7,19419.0,481.0
2.3,9.207,0.593,0.913,36.7,19421.0,304.0
3.578,9.128,0.725,0.884,36.8,19477.0,357.0
2.702,8.467,0.987,0.828,36.9,19507.0,488.0
2.433,9.457,0.614,0.94,37.2,19668.0,306.0
2.955,8.518,0.262,0.832,37.3,19746.0,852.0
3.257,8.846,0.537,0.853,38.0,20087.0,372.0
3.828,8.859,0.361,0.837,38.0,20108.0,592.0
3.606,9.782,0.278,0.937,38.1,20174.0,656.0
3.508,9.335,0.758,0.953,38.2,20207.0,371.0
3.278,9.176,0.507,0.917,38.3,20276.0,324.0
3.798,9.249,0.987,0.957,38.6,20439.0,473.0
3.884,8.793,0.289,0.878,38.8,20514.0,756.0
3.062,8.395,0.948,0.826,38.8,20517.0,483.0
2.092,8.982,1.009,0.92,38.8,20518.0,477.0
3.106,9.665,0.345,0.96,38.8,20542.0,479.0
2.544,9.471,0.266,0.914,38.9,20576.0,738.0
2.48,9.066,0.215,0.86,38.9,20597.0,933.0
3.921,8.684,1.039,0.842,39.0,20628.0,486.0
2.722,9.301,0.76,0.954,39.2,20737.0,374.0
2.78,9.455,1.039,0.981,39.3,20781.0,505.0
3.668,8.342,0.339,0.818,39.3,20787.0,718.0
3.784,9.245,0.826,0.933,39.9,21116.0,405.0
3.75,8.344,0.882,0.829,40.1,21217.0,479.0
3.653,8.333,0.973,0.804,40.2,21251.0,497.0
3.653,8.331,0.886,0.821,40.4,21383.0,481.0
2.041,8.988,0.221,0.843,40.7,21530.0,920.0
2.64,9.404,0.99,0.987,41.1,21738.0,487.0
3.727,8.695,0.358,0.861,41.2,21805.0,618.0
2.574,8.34,0.382,0.825,41.6,22001.0,632.0
3.399,8.594,0.964,0.856,41.6,22028.0,464.0
2.54,8.853,1.104,0.919,41.9,22147.0,519.0
3.524,9.156,0.893,0.927,41.9,22150.0,441.0
3.548,8.58,0.922,0.855,42.1,22296.0,455.0
2.863,9.23,0.665,0.939,42.2,22317.0,355.0
3.973,8.51,0.258,0.865,42.2,22319.0,855.0
2.567,8.291,0.45,0.826,42.6,22548.0,551.0
3.569,9.263,0.551,0.949,42.6,22558.0,332.0
3.886,9.021,0.234,0.888,42.7,22585.0,864.0
3.773,8.142,0.363,0.819,42.8,22653.0,707.0
3.858,9.236,0.557,0.951,43.0,22741.0,340.0
2.864,9.111,0.902,0.933,43.1,22800.0,447.0
3.881,9.674,0.375,0.997,43.3,22904.0,445.0
3.84,9.079,0.964,0.942,43.5,23016.0,475.0
3.316,8.177,0.43,0.817,43.9,23227.0,599.0
2.693,9.07,0.948,0.948,43.9,23249.0,469.0
3.65,8.403,0.222,0.846,44.1,23336.0,945.0
3.624,9.261,1.177,0.982,44.2,23375.0,567.0
3.822,8.507,0.373,0.878,44.5,23545.0,623.0
3.21,8.161,0.974,0.827,44.5,23559.0,523.0
2.393,8.609,0.387,0.837,44.8,23710.0,567.0
2.3,8.79,0.852,0.903,44.8,23714.0,439.0
2.406,9.237,0.485,0.934,45.0,23834.0,345.0
3.655,8.144,0.845,0.832,45.1,23846.0,505.0
3.253,7.741,0.211,0.815,45.2,23904.0,1030.0
3.04,8.132,0.453,0.825,45.3,23968.0,580.0
3.404,8.097,0.527,0.805,46.0,24337.0,535.0
3.822,8.722,0.87,0.919,46.4,24541.0,457.0
3.7,9.042,0.693,0.936,46.6,24634.0,395.0
3.393,8.846,0.398,0.913,46.6,24635.0,507.0
3.157,8.78,0.624,0.917,46.6,24645.0,384.0
3.118,8.753,0.718,0.894,46.6,24649.0,407.0
3.157,8.07,1.123,0.802,46.6,24664.0,563.0
3.237,8.842,0.43,0.893,46.7,24692.0,458.0
2.795,7.85,0.247,0.819,46.9,24809.0,960.0
3.047,8.382,0.938,0.838,47.3,25033.0,486.0
3.533,8.701,0.795,0.895,47.4,25068.0,439.0
2.24,8.063,0.764,0.816,47.4,25089.0,500.0
2.372,9.255,0.753,0.984,47.5,25157.0,409.0
3.94,8.914,1.085,0.944,47.6,25177.0,532.0
3.91,8.711,0.276,0.916,47.6,25198.0,782.0
2.448,9.098,0.511,0.945,47.9,25351.0,360.0
2.668,8.921,0.982,0.936,48.0,25373.0,493.0
2.546,8.93,0.24,0.909,48.1,25448.0,866.0
3.587,7.484,0.229,0.802,48.1,25455.0,1016.0
2.878,9.276,0.649,0.973,48.2,25525.0,376.0
2.563,8.878,0.293,0.884,48.3,25549.0,714.0
3.257,9.131,1.094,0.994,48.4,25635.0,545.0
3.8,9.139,1.046,0.994,48.5,25637.0,526.0
3.092,8.317,1.15,0.849,48.5,25649.0,549.0
2.779,8.362,0.74,0.868,48.5,25680.0,444.0
2.995,7.99,0.833,0.825,49.0,25924.0,526.0
2.936,8.984,0.612,0.932,49.2,26025.0,378.0
2.175,8.68,0.603,0.925,49.5,26205.0,394.0
3.204,9.09,1.12,0.981,49.5,26207.0,556.0
3.576,9.625,0.221,0.977,49.8,26354.0,845.0
2.385,8.962,0.616,0.948,49.9,26396.0,380.0
2.924,8.305,0.736,0.874,49.9,26416.0,454.0
3.449,8.243,0.349,0.847,49.9,26420.0,701.0
2.68,8.678,0.528,0.888,50.0,26478.0,404.0
2.934,8.269,0.92,0.863,50.3,26628.0,498.0
2.139,8.267,0.91,0.862,50.5,26699.0,494.0
2.814,8.547,1.031,0.914,50.6,26766.0,520.0
2.668,8.171,0.23,0.876,50.7,26809.0,964.0
3.417,9.048,0.326,0.946,50.7,26849.0,606.0
2.165,7.914,0.873,0.817,50.9,26942.0,544.0
2.875,8.632,0.54,0.924,50.9,26950.0,412.0
2.347,8.87,0.748,0.958,51.0,26992.0,430.0
3.479,8.517,1.082,0.89,51.2,27110.0,537.0
3.035,8.516,1.072,0.902,51.3,27155.0,534.0
3.274,8.23,0.43,0.867,51.3,27167.0,570.0
2.748,8.645,0.405,0.924,51.6,27309.0,519.0
3.821,8.206,0.528,0.879,51.7,27336.0,501.0
3.354,8.542,0.753,0.887,51.8,27423.0,449.0
2.798,7.862,0.625,0.83,52.0,27500.0,534.0
3.402,9.145,0.618,0.976,52.0,27532.0,389.0
3.203,9.137,0.641,0.992,52.0,27535.0,395.0
3.675,8.493,0.97,0.92,52.2,27645.0,514.0
3.105,7.515,0.284,0.823,52.3,27672.0,917.0
3.007,8.975,0.377,0.967,52.3,27698.0,523.0
2.474,8.587,0.494,0.888,52.6,27808.0,437.0
2.623,9.01,0.908,0.999,53.2,28136.0,489.0
2.896,7.809,0.729,0.832,53.4,28234.0,544.0
3.316,8.44,1.081,0.914,53.4,28263.0,547.0
3.403,7.782,0.649,0.827,53.5,28296.0,549.0
3.635,8.45,0.912,0.92,53.6,28365.0,505.0
3.208,8.711,1.032,0.962,53.7,28429.0,531.0
3.377,8.494,0.382,0.887,53.8,28469.0,588.0
3.94,7.634,0.471,0.804,53.8,28489.0,664.0
3.014,7.559,0.341,0.808,53.9,28544.0,815.0
2.609,8.45,0.818,0.892,54.1,28635.0,478.0
2.982,7.768,0.766,0.809,54.4,28764.0,556.0
2.284,8.122,0.859,0.864,54.4,28765.0,506.0
2.49,8.528,0.254,0.918,54.4,28810.0,859.0
2.944,8.397,1.137,0.921,54.5,28824.0,564.0
3.255,9.064,0.591,0.985,54.6,28888.0,395.0
3.202,7.546,0.375,0.832,54.8,28991.0,763.0
3.301,8.099,0.624,0.873,54.9,29069.0,487.0
2.118,8.443,0.693,0.893,55.0,29090.0,448.0
3.446,8.825,0.317,0.951,55.0,29115.0,655.0
3.186,7.934,0.311,0.84,55.2,29184.0,806.0
2.072,8.379,1.063,0.906,55.2,29211.0,550.0
2.315,8.456,0.558,0.897,55.3,29277.0,437.0
3.911,8.648,1.063,0.96,55.4,29300.0,548.0
2.304,7.933,0.248,0.853,55.5,29365.0,943.0
3.238,8.062,0.537,0.846,55.6,29413.0,516.0
2.634,9.057,0.527,0.996,56.0,29623.0,395.0
3.879,8.684,0.663,0.951,56.2,29712.0,444.0
2.104,8.031,1.154,0.844,56.3,29770.0,588.0
3.482,8.597,1.186,0.935,56.5,29904.0,585.0
3.384,8.38,0.511,0.886,56.5,29913.0,477.0
2.784,7.516,0.404,0.809,56.9,30094.0,731.0
3.334,6.942,0.243,0.814,57.0,30135.0,1038.0
2.761,8.013,0.963,0.86,57.0,30172.0,549.0
3.352,8.003,0.836,0.835,57.3,30327.0,524.0
3.728,8.897,0.764,0.973,57.4,30352.0,467.0
3.143,8.354,0.454,0.912,57.4,30356.0,518.0
2.95,8.2,0.23,0.883,57.7,30555.0,945.0
2.378,7.015,0.229,0.83,58.2,30808.0,1065.0
3.393,8.595,0.769,0.967,58.3,30824.0,479.0
2.194,8.555,0.993,0.949,58.4,30926.0,541.0
3.283,8.531,1.179,0.96,58.5,30952.0,588.0
2.109,8.264,1.029,0.92,58.6,30986.0,559.0
3.287,9.116,0.206,0.975,58.8,31109.0,930.0
3.381,7.937,0.778,0.879,59.0,31221.0,526.0
3.976,8.804,0.926,0.975,59.0,31221.0,524.0
4.0,8.559,0.436,0.949,59.4,31412.0,538.0
2.739,7.546,0.736,0.828,59.7,31574.0,591.0
3.669,7.049,0.33,0.819,60.0,31726.0,895.0
3.956,7.741,0.441,0.848,60.0,31729.0,653.0
2.788,8.205,1.104,0.922,60.0,31762.0,585.0
3.088,7.69,0.326,0.857,60.1,31782.0,808.0
3.312,8.072,0.281,0.894,60.1,31805.0,835.0
3.481,8.475,1.2,0.927,60.1,31809.0,600.0
2.984,8.196,1.058,0.904,60.4,31950.0,577.0
3.745,8.506,0.355,0.937,60.6,32078.0,642.0
3.008,7.47,0.257,0.872,60.8,32179.0,958.0
2.576,8.45,1.134,0.959,61.1,32304.0,588.0
2.919,8.205,0.629,0.916,61.1,32323.0,488.0
2.436,8.576,0.464,0.963,61.1,32324.0,489.0
3.656,6.632,0.265,0.81,61.5,32549.0,1031.0
3.17,8.177,0.538,0.911,61.6,32592.0,503.0
2.485,7.452,0.671,0.811,61.7,32644.0,602.0
2.491,8.879,0.452,0.993,61.7,32662.0,472.0
3.871,7.385,0.306,0.871,61.7,32664.0,880.0
3.841,7.461,0.891,0.821,61.8,32674.0,632.0
3.103,8.716,0.905,0.973,61.9,32745.0,528.0
2.996,8.503,0.347,0.929,62.3,32970.0,646.0
2.77,8.132,0.448,0.901,62.7,33175.0,558.0
2.573,8.148,0.525,0.926,62.7,33193.0,507.0
3.113,8.391,1.091,0.936,62.9,33296.0,587.0
2.487,7.788,1.082,0.849,63.0,33333.0,614.0
2.514,7.431,0.957,0.811,63.0,33342.0,640.0
3.955,8.413,0.762,0.955,63.1,33372.0,510.0
3.695,7.137,0.257,0.857,63.1,33391.0,981.0
2.283,7.738,0.471,0.866,63.2,33422.0,608.0
2.137,7.748,0.487,0.872,63.2,33425.0,593.0
2.49,8.12,0.444,0.881,63.3,33468.0,561.0
3.685,7.361,0.819,0.802,64.0,33859.0,640.0
2.895,8.364,0.916,0.943,64.3,34012.0,550.0
3.57,7.302,0.665,0.804,64.3,34045.0,642.0
2.249,7.739,0.957,0.87,64.4,34063.0,593.0
2.714,7.729,1.19,0.872,64.5,34144.0,645.0
3.09,8.029,0.953,0.918,65.3,34546.0,580.0
2.966,7.695,0.765,0.834,65.3,34551.0,565.0
3.305,7.965,0.464,0.898,65.8,34824.0,584.0
3.582,8.312,0.79,0.927,66.0,34924.0,530.0
3.608,8.311,0.683,0.931,66.2,35053.0,511.0
2.556,7.984,1.166,0.9,66.3,35069.0,633.0
2.782,7.657,0.81,0.863,66.4,35141.0,579.0
3.622,8.18,0.31,0.934,66.5,35168.0,749.0
2.924,8.279,0.895,0.927,66.8,35352.0,557.0
3.285,8.526,1.086,0.985,66.9,35380.0,601.0
3.149,6.586,0.2,0.84,67.5,35697.0,1141.0
2.707,8.224,1.132,0.947,67.8,35889.0,620.0
2.57,7.944,0.796,0.882,67.9,35925.0,557.0
2.406,7.94,0.675,0.889,68.1,36014.0,536.0
2.501,7.594,0.982,0.87,68.3,36124.0,623.0
2.699,7.223,1.01,0.817,68.4,36170.0,685.0
2.451,7.917,0.771,0.915,68.7,36330.0,556.0
2.563,7.567,0.952,0.87,69.0,36483.0,622.0
2.571,7.557,1.14,0.841,69.3,36673.0,664.0
3.439,8.166,1.019,0.932,69.8,36906.0,606.0
3.823,8.166,0.968,0.938,69.8,36919.0,596.0
3.54,8.175,0.609,0.96,69.9,37000.0,531.0
2.35,7.382,0.429,0.866,70.0,37016.0,707.0
2.213,8.197,0.446,0.931,70.2,37166.0,572.0
3.281,7.825,0.225,0.95,70.2,37168.0,977.0
2.782,8.147,1.038,0.926,70.4,37227.0,612.0
2.273,7.039,0.275,0.843,70.5,37297.0,963.0
3.152,8.159,0.693,0.953,70.6,37369.0,536.0
2.984,8.402,1.082,0.975,70.7,37432.0,616.0
3.342,7.478,0.818,0.866,70.8,37478.0,616.0
3.959,7.403,0.202,0.943,70.8,37486.0,1040.0
2.483,6.751,0.237,0.866,71.5,37834.0,1067.0
3.35,6.899,0.307,0.872,71.5,37854.0,934.0
2.804,7.085,1.054,0.804,72.0,38072.0,716.0
3.322,7.785,0.925,0.919,72.1,38140.0,616.0
2.983,7.359,0.584,0.873,72.3,38268.0,631.0
3.688,7.38,0.332,0.9,72.9,38583.0,825.0
2.362,8.088,0.561,0.928,73.0,38600.0,539.0
2.275,7.576,0.333,0.882,73.0,38639.0,785.0
3.341,7.408,0.953,0.844,73.0,38651.0,653.0
3.41,8.362,0.415,0.973,73.1,38680.0,616.0
2.203,8.355,0.817,0.977,73.2,38745.0,555.0
2.316,7.936,0.268,0.957,73.3,38776.0,857.0
3.159,8.053,0.692,0.95,73.5,38909.0,555.0
3.479,7.241,0.535,0.85,73.6,38927.0,671.0
3.838,7.637,0.551,0.908,73.6,38943.0,617.0
3.631,8.32,0.91,0.978,73.7,39006.0,587.0
2.137,7.335,0.651,0.856,74.1,39181.0,620.0
2.787,7.396,0.304,0.915,74.2,39245.0,860.0
3.156,7.836,0.315,0.93,74.5,39419.0,789.0
2.483,7.351,0.891,0.87,74.6,39476.0,647.0
2.845,5.649,0.237,0.828,74.7,39527.0,1164.0
2.442,7.337,0.885,0.84,75.0,39675.0,649.0
2.04,8.261,1.147,0.995,75.0,39690.0,651.0
2.782,7.219,0.536,0.865,75.0,39709.0,666.0
3.688,7.973,0.641,0.969,75.2,39780.0,571.0
3.979,5.288,0.255,0.813,75.3,39857.0,1145.0
3.888,7.029,0.475,0.871,75.5,39930.0,745.0
2.58,6.521,0.409,0.826,75.7,40077.0,881.0
3.044,7.129,0.502,0.862,76.0,40206.0,701.0
2.253,6.553,0.417,0.825,76.0,40219.0,868.0
3.229,7.392,0.382,0.923,76.2,40328.0,757.0
3.039,6.967,0.406,0.851,76.3,40389.0,802.0
2.294,6.558,0.256,0.87,76.4,40412.0,1044.0
3.819,7.624,1.176,0.89,76.6,40553.0,696.0
2.227,8.208,1.104,0.999,76.8,40641.0,648.0
3.808,7.926,0.894,0.949,76.9,40665.0,620.0
2.699,6.629,0.51,0.818,77.0,40746.0,798.0
3.425,6.307,0.406,0.808,77.2,40824.0,922.0
3.419,7.92,0.885,0.955,77.2,40836.0,618.0
3.9,7.899,0.983,0.939,77.6,41073.0,644.0
3.242,7.537,0.719,0.901,78.4,41464.0,622.0
3.188,6.975,0.282,0.885,78.6,41602.0,944.0
2.898,7.714,0.357,0.966,78.8,41671.0,752.0
2.182,8.149,1.05,0.995,78.8,41689.0,644.0
3.316,7.864,0.959,0.939,78.8,41702.0,642.0
2.939,7.195,1.014,0.863,79.0,41791.0,701.0
2.457,7.859,0.755,0.948,79.2,41900.0,596.0
3.156,5.923,0.232,0.84,79.5,42048.0,1129.0
3.203,6.726,0.833,0.802,79.6,42104.0,757.0
2.179,6.502,0.495,0.813,79.8,42197.0,825.0
3.501,6.35,0.487,0.824,80.0,42337.0,866.0
3.569,7.974,0.348,0.976,80.2,42420.0,762.0
2.364,6.34,0.434,0.818,80.5,42596.0,891.0
2.453,6.653,0.716,0.83,80.6,42634.0,759.0
2.345,7.99,0.256,0.999,80.6,42639.0,886.0
3.517,6.714,0.985,0.833,80.8,42746.0,777.0
2.079,7.799,0.691,0.968,80.9,42793.0,595.0
2.466,7.467,0.851,0.894,81.0,42860.0,653.0
3.7,6.679,0.945,0.833,81.2,42983.0,781.0
3.68,7.291,0.296,0.958,81.6,43156.0,884.0
2.121,6.593,0.684,0.831,81.7,43211.0,769.0
3.215,7.366,0.29,0.96,81.7,43231.0,885.0
3.171,7.179,0.412,0.889,81.8,43271.0,759.0
2.996,7.018,0.702,0.837,81.8,43272.0,688.0
2.391,6.978,0.296,0.911,82.0,43407.0,920.0
3.336,7.739,0.717,0.968,82.1,43434.0,617.0
2.321,7.214,0.396,0.911,82.1,43444.0,760.0
3.705,7.408,0.91,0.918,82.4,43609.0,682.0
3.032,6.526,0.685,0.823,82.5,43670.0,790.0
3.208,7.042,0.914,0.854,82.6,43716.0,711.0
3.781,7.579,0.469,0.931,82.7,43747.0,690.0
3.538,6.609,0.93,0.811,82.9,43879.0,792.0
3.604,7.532,0.241,0.974,83.0,43901.0,959.0
3.371,7.047,1.073,0.84,83.0,43942.0,741.0
2.927,7.461,0.34,0.928,83.2,44034.0,810.0
2.607,6.913,0.605,0.858,83.3,44083.0,711.0
2.17,6.891,0.563,0.866,83.4,44153.0,716.0
3.878,5.547,0.356,0.816,83.7,44266.0,1055.0
2.509,6.576,0.864,0.811,83.8,44321.0,784.0
2.312,6.498,0.225,0.904,84.0,44449.0,1094.0
3.368,6.273,0.237,0.9,84.2,44547.0,1076.0
3.859,5.112,0.303,0.802,84.3,44584.0,1130.0
3.978,5.945,0.32,0.875,84.3,44620.0,1009.0
2.226,7.657,0.613,0.949,84.5,44696.0,616.0
3.256,5.998,0.291,0.838,84.5,44722.0,1049.0
2.146,6.706,0.462,0.842,85.1,45001.0,792.0
2.101,6.747,0.278,0.891,85.4,45200.0,970.0
2.134,7.314,1.136,0.904,85.8,45384.0,738.0
2.872,7.108,0.473,0.905,85.8,45388.0,729.0
2.549,6.508,0.953,0.804,86.0,45509.0,808.0
3.685,7.219,0.352,0.948,86.2,45615.0,837.0
2.95,7.296,1.128,0.889,86.2,45631.0,740.0
2.287,5.501,0.308,0.829,86.3,45686.0,1087.0
3.438,6.653,0.549,0.839,86.7,45891.0,776.0
2.573,6.471,0.947,0.827,86.9,45959.0,814.0
3.791,6.498,0.488,0.872,86.9,45974.0,824.0
3.802,6.524,0.502,0.845,86.9,45976.0,815.0
2.392,7.64,0.275,0.974,87.6,46341.0,896.0
3.326,7.226,0.992,0.906,87.9,46503.0,728.0
2.535,5.96,0.454,0.809,88.1,46606.0,939.0
2.925,7.545,0.83,0.931,88.1,46621.0,669.0
2.602,6.453,1.123,0.808,88.2,46683.0,839.0
3.342,7.549,1.076,0.932,88.3,46697.0,720.0
2.893,6.662,0.584,0.857,88.3,46733.0,764.0
2.284,6.743,0.665,0.862,88.4,46791.0,737.0
2.383,7.486,0.569,0.966,88.6,46855.0,656.0
2.563,7.211,1.021,0.92,88.6,46858.0,733.0
3.471,6.186,0.39,0.84,88.6,46903.0,934.0
3.525,6.738,0.753,0.871,88.7,46929.0,752.0
2.04,5.596,0.239,0.864,88.8,46994.0,1156.0
2.868,6.84,1.175,0.838,89.0,47114.0,793.0
2.996,7.757,0.48,0.994,89.2,47178.0,670.0
3.088,6.856,0.27,0.951,89.5,47356.0,970.0
2.627,7.147,0.805,0.891,89.5,47369.0,702.0
3.755,6.774,0.985,0.879,89.7,47462.0,776.0
3.38,6.137,0.66,0.804,89.9,47554.0,867.0
2.033,6.734,0.791,0.853,90.1,47673.0,742.0
3.829,5.64,0.471,0.805,90.6,47942.0,987.0
3.174,5.7,0.458,0.808,91.3,48296.0,980.0
3.436,5.945,0.374,0.848,91.8,48568.0,977.0
2.922,5.115,0.331,0.812,92.0,48664.0,1120.0
2.791,7.069,0.899,0.924,92.1,48729.0,734.0
3.738,6.766,0.498,0.907,92.2,48758.0,793.0
3.925,7.048,0.922,0.91,92.2,48777.0,753.0
3.121,6.943,0.623,0.897,92.5,48965.0,734.0
2.431,7.075,1.074,0.923,92.6,48986.0,766.0
3.287,6.399,0.556,0.866,92.7,49033.0,819.0
2.733,6.077,0.388,0.838,92.8,49112.0,944.0
2.62,6.335,0.308,0.894,93.3,49358.0,973.0
2.498,6.26,0.289,0.923,93.3,49385.0,1007.0
3.328,7.684,1.159,0.991,93.4,49404.0,743.0
3.703,6.54,0.782,0.88,93.6,49528.0,797.0
3.32,5.105,0.267,0.864,93.7,49594.0,1155.0
3.08,7.368,1.105,0.968,93.8,49643.0,756.0
3.533,7.003,0.949,0.913,93.9,49660.0,761.0
2.202,6.184,0.994,0.814,94.2,49832.0,875.0
3.227,6.924,0.733,0.886,94.5,49980.0,741.0
3.65,5.714,0.572,0.807,94.7,50115.0,947.0
3.271,7.141,0.293,0.989,94.9,50213.0,939.0
2.974,6.169,0.474,0.854,95.0,50248.0,878.0
2.262,6.971,0.945,0.912,95.1,50325.0,759.0
2.297,6.625,0.26,0.953,95.2,50396.0,1006.0
3.934,6.14,1.195,0.821,95.7,50610.0,919.0
2.632,7.511,0.474,0.997,95.7,50648.0,714.0
3.265,6.09,0.975,0.833,95.8,50690.0,899.0
2.777,6.948,0.996,0.887,95.9,50730.0,775.0
3.108,7.599,0.875,0.974,95.9,50760.0,700.0
3.57,4.068,0.215,0.87,96.0,50782.0,1263.0
3.005,6.85,0.358,0.962,96.0,50791.0,881.0
2.131,7.599,1.159,0.981,96.2,50891.0,756.0
3.321,6.276,0.59,0.845,96.2,50908.0,839.0
2.146,5.569,0.474,0.808,96.8,51237.0,990.0
2.678,5.185,0.275,0.852,96.8,51240.0,1140.0
2.587,6.929,1.144,0.886,96.9,51280.0,806.0
2.988,6.912,1.016,0.892,96.9,51287.0,786.0
2.639,6.8,0.221,0.999,97.1,51367.0,1064.0
3.683,7.384,0.485,0.991,97.2,51412.0,748.0
3.783,6.401,0.817,0.856,97.3,51486.0,830.0
2.836,5.67,0.254,0.893,97.3,51505.0,1105.0
2.077,4.25,0.256,0.821,97.4,51523.0,1257.0
3.06,7.065,0.516,0.952,97.4,51550.0,756.0
2.864,6.008,0.92,0.825,97.5,51570.0,907.0
3.36,5.415,0.495,0.819,97.5,51577.0,1008.0
3.627,7.23,0.975,0.943,97.5,51591.0,758.0
2.919,6.918,0.42,0.936,97.9,51779.0,825.0
3.146,6.347,0.721,0.87,98.0,51830.0,824.0
2.039,6.445,0.393,0.913,98.0,51877.0,879.0
3.577,4.895,0.22,0.924,98.2,51971.0,1186.0
3.497,6.147,0.585,0.837,98.4,52071.0,864.0
2.906,5.768,0.401,0.849,98.5,52135.0,980.0
2.542,5.846,0.407,0.837,98.6,52185.0,963.0
2.004,7.209,1.133,0.966,98.8,52266.0,787.0
2.911,7.517,1.128,0.99,98.8,52271.0,765.0
3.824,5.845,0.248,0.945,98.8,52272.0,1082.0
3.92,6.817,0.998,0.903,99.0,52374.0,808.0
3.248,7.505,1.092,0.999,99.1,52433.0,760.0
2.064,5.994,1.051,0.827,99.1,52455.0,921.0
2.947,5.76,0.699,0.832,99.3,52555.0,933.0
2.589,6.847,0.25,0.975,99.3,52560.0,1022.0
3.105,4.886,0.397,0.823,100.5,53181.0,1119.0
3.774,7.241,0.499,0.981,100.8,53360.0,769.0
2.518,6.405,1.186,0.857,100.8,53360.0,873.0
2.798,6.792,0.267,0.993,101.1,53490.0,1007.0
3.539,7.03,0.711,0.962,101.2,53559.0,754.0
2.9,6.175,0.675,0.847,101.3,53599.0,853.0
2.04,5.717,0.272,0.909,101.6,53768.0,1082.0
3.285,6.17,0.726,0.855,101.9,53934.0,858.0
3.647,4.937,0.463,0.828,102.0,53967.0,1087.0
2.501,6.464,0.314,0.96,102.0,53970.0,966.0
2.073,5.175,0.3,0.87,102.1,54014.0,1109.0
3.309,6.698,0.916,0.902,102.1,54029.0,809.0
3.606,5.759,0.253,0.938,102.1,54046.0,1093.0
3.573,6.433,0.572,0.924,102.5,54214.0,839.0
3.102,5.787,0.964,0.813,102.8,54379.0,957.0
3.818,7.018,0.869,0.954,102.9,54426.0,781.0
2.101,6.621,0.755,0.917,103.3,54639.0,793.0
3.008,6.859,0.55,0.944,103.4,54686.0,787.0
3.803,6.692,1.167,0.893,103.5,54741.0,857.0
3.47,5.85,0.2,0.992,103.5,54743.0,1147.0
2.63,6.739,0.28,0.987,103.7,54855.0,998.0
3.072,7.348,1.013,0.995,104.0,55023.0,771.0
3.977,5.703,1.035,0.806,104.1,55067.0,991.0
2.759,7.029,1.13,0.939,104.2,55127.0,817.0
2.442,5.835,0.506,0.839,104.2,55144.0,920.0
2.208,3.76,0.203,0.846,104.4,55265.0,1320.0
3.333,5.894,0.602,0.861,104.6,55353.0,907.0
2.52,6.897,0.65,0.944,104.9,55504.0,768.0
3.951,4.742,0.352,0.869,105.0,55574.0,1132.0
3.422,4.801,0.462,0.815,105.1,55590.0,1106.0
2.087,6.96,0.818,0.939,105.1,55590.0,768.0
2.924,6.83,0.588,0.95,105.1,55611.0,788.0
2.53,5.75,1.103,0.826,105.2,55636.0,975.0
2.059,6.931,0.738,0.935,105.2,55679.0,762.0
3.486,4.605,0.434,0.804,105.7,55936.0,1139.0
3.387,4.962,0.265,0.911,105.8,55960.0,1143.0
2.64,6.702,0.299,0.986,105.9,56042.0,981.0
3.314,4.78,0.466,0.802,106.1,56150.0,1108.0
3.073,6.132,0.976,0.864,106.4,56318.0,896.0
3.379,4.707,0.329,0.847,106.7,56447.0,1148.0
3.692,5.976,0.464,0.882,106.8,56525.0,941.0
3.424,3.796,0.336,0.826,107.0,56633.0,1257.0
2.455,5.055,0.51,0.821,107.2,56710.0,1057.0
2.632,4.396,0.272,0.864,107.3,56762.0,1212.0
2.584,6.565,1.142,0.906,107.3,56771.0,869.0
3.458,6.604,0.334,0.974,107.4,56823.0,969.0
3.935,6.007,0.262,0.975,107.4,56834.0,1084.0
3.402,6.543,1.119,0.89,107.6,56925.0,873.0
3.481,4.971,0.562,0.818,107.8,57046.0,1074.0
2.168,7.154,0.621,0.978,107.8,57057.0,745.0
3.125,6.87,0.904,0.955,107.9,57073.0,806.0
2.06,6.893,1.042,0.943,108.1,57197.0,824.0
2.514,6.419,0.393,0.937,108.1,57221.0,914.0
3.974,3.782,0.289,0.877,108.4,57378.0,1229.0
2.067,5.605,1.119,0.823,108.7,57526.0,1003.0
3.52,6.104,0.264,0.974,108.8,57561.0,1084.0
3.992,6.491,1.179,0.884,109.0,57648.0,899.0
3.717,6.124,0.583,0.923,109.2,57800.0,897.0
3.093,7.191,1.195,0.978,109.3,57844.0,833.0
3.489,5.111,0.664,0.821,109.5,57937.0,1055.0
2.829,5.605,0.26,0.951,109.6,57970.0,1110.0
3.777,5.085,0.688,0.825,109.7,58022.0,1064.0
3.688,4.914,0.607,0.814,109.9,58130.0,1087.0
2.846,6.507,0.494,0.969,110.3,58339.0,860.0
3.124,5.6,0.208,0.991,110.3,58378.0,1169.0
2.773,6.17,0.58,0.894,110.3,58384.0,875.0
3.779,6.675,0.724,0.948,110.5,58442.0,831.0
3.508,7.134,1.062,0.995,110.7,58588.0,819.0
2.822,7.123,0.943,0.982,110.9,58653.0,797.0
3.834,5.647,0.323,0.93,111.2,58812.0,1066.0
2.743,7.123,1.18,0.987,111.5,59010.0,840.0
3.901,5.421,1.166,0.817,111.7,59078.0,1058.0
3.209,6.214,0.415,0.934,111.7,59096.0,945.0
2.87,6.887,0.509,0.999,111.9,59199.0,819.0
2.472,6.505,0.522,0.927,111.9,59221.0,849.0
3.851,4.676,0.597,0.818,112.1,59339.0,1128.0
3.515,5.421,1.155,0.826,112.2,59386.0,1053.0
2.854,6.758,1.179,0.94,112.5,59543.0,873.0
3.879,5.776,0.512,0.888,112.5,59548.0,969.0
2.793,4.482,0.327,0.868,112.7,59630.0,1174.0
2.747,4.565,0.482,0.802,112.8,59693.0,1134.0
3.971,6.413,0.59,0.934,112.8,59709.0,882.0
2.43,6.716,1.006,0.96,113.1,59867.0,849.0
3.756,5.12,0.36,0.906,113.2,59894.0,1091.0
2.507,5.587,0.276,0.946,113.3,59938.0,1098.0
3.377,5.224,0.516,0.864,113.6,60105.0,1031.0
3.933,6.983,0.846,0.986,113.7,60154.0,816.0
2.827,6.318,1.072,0.899,113.8,60201.0,906.0
2.902,4.849,0.295,0.896,114.2,60435.0,1146.0
3.785,4.402,0.549,0.805,114.2,60444.0,1164.0
2.963,6.695,1.154,0.97,114.3,60483.0,880.0
2.555,6.687,1.102,0.957,114.4,60537.0,872.0
2.149,4.634,0.507,0.803,114.8,60736.0,1120.0
3.562,3.88,0.319,0.846,115.0,60867.0,1227.0
2.933,4.966,0.441,0.877,115.1,60893.0,1072.0
3.641,4.758,0.323,0.903,115.1,60905.0,1142.0
3.673,6.156,0.871,0.904,115.4,61054.0,918.0
3.697,4.481,0.586,0.825,115.5,61110.0,1156.0
2.557,6.232,0.459,0.935,115.6,61147.0,916.0
3.256,5.248,1.083,0.805,115.6,61151.0,1073.0
3.723,5.98,0.434,0.929,115.6,61189.0,981.0
2.817,3.167,0.318,0.821,115.6,61191.0,1324.0
2.771,6.606,0.933,0.952,115.8,61266.0,858.0
3.113,4.412,0.523,0.804,116.1,61445.0,1153.0
2.668,6.622,1.064,0.959,116.1,61455.0,878.0
3.546,3.566,0.407,0.809,116.2,61508.0,1261.0
3.258,4.775,0.435,0.84,116.4,61580.0,1101.0
3.676,6.555,0.916,0.953,116.5,61632.0,875.0
2.409,6.354,0.549,0.958,116.5,61655.0,871.0
2.199,6.58,0.936,0.97,116.7,61756.0,861.0
2.222,3.146,0.231,0.838,117.0,61908.0,1346.0
3.845,6.029,0.824,0.911,117.3,62080.0,939.0
3.177,4.641,0.416,0.839,117.3,62087.0,1123.0
3.857,5.207,0.318,0.97,117.4,62100.0,1122.0
3.729,6.673,0.588,0.982,117.9,62368.0,860.0
3.041,5.224,0.583,0.86,118.0,62448.0,1024.0
3.151,3.218,0.272,0.863,118.5,62697.0,1299.0
2.121,5.545,0.79,0.863,118.6,62751.0,968.0
2.506,4.021,0.439,0.812,118.7,62825.0,1215.0
2.07,4.457,0.262,0.903,118.8,62869.0,1204.0
2.065,4.868,0.726,0.817,118.8,62877.0,1092.0
3.693,4.538,0.256,0.934,118.9,62913.0,1196.0
2.76,4.0,0.454,0.815,119.1,63027.0,1212.0
2.58,6.843,0.915,0.988,119.4,63151.0,840.0
2.29,6.192,0.527,0.94,119.8,63385.0,903.0
2.799,6.843,1.022,0.977,119.9,63423.0,860.0
2.846,6.377,0.742,0.936,119.9,63436.0,878.0
3.155,5.501,0.887,0.854,120.2,63585.0,1001.0
3.235,5.622,1.142,0.862,120.2,63618.0,1020.0
2.047,4.788,0.73,0.825,120.5,63732.0,1106.0
3.452,4.123,0.29,0.885,120.5,63750.0,1209.0
2.24,5.463,0.809,0.876,120.7,63869.0,986.0
3.849,6.795,1.042,0.974,120.9,63993.0,880.0
3.779,6.472,0.541,0.994,121.0,64018.0,901.0
2.811,5.73,0.39,0.93,121.0,64028.0,1020.0
3.077,5.041,1.185,0.809,121.1,64049.0,1121.0
2.602,6.051,0.492,0.928,121.1,64055.0,938.0
3.164,4.359,0.304,0.9,121.2,64145.0,1194.0
2.638,5.859,0.726,0.904,121.5,64308.0,938.0
3.906,4.824,0.591,0.855,121.8,64423.0,1102.0
3.507,4.788,0.541,0.858,121.9,64487.0,1101.0
2.924,4.957,0.553,0.865,121.9,64513.0,1069.0
3.908,3.743,0.557,0.827,122.0,64557.0,1256.0
3.773,5.421,0.995,0.849,122.4,64744.0,1043.0
2.554,6.335,0.839,0.926,122.6,64876.0,896.0
3.093,4.902,0.384,0.907,122.6,64881.0,1109.0
3.421,6.365,1.01,0.969,122.9,65032.0,924.0
3.051,4.762,0.906,0.808,123.0,65086.0,1140.0
2.148,5.507,1.101,0.864,123.2,65191.0,1025.0
2.197,5.939,0.999,0.91,123.6,65382.0,965.0
2.781,6.685,0.86,0.996,123.6,65402.0,862.0
3.848,3.289,0.214,0.953,123.6,65412.0,1278.0
3.734,4.692,0.3,0.932,123.6,65415.0,1176.0
2.566,5.782,0.742,0.886,123.8,65504.0,954.0
2.701,5.006,0.399,0.903,123.8,65519.0,1088.0
3.291,4.653,0.279,0.962,123.9,65540.0,1193.0
2.6,6.716,1.084,0.998,124.1,65687.0,893.0
3.156,3.581,0.342,0.862,124.4,65819.0,1259.0
3.806,4.46,0.527,0.875,124.6,65914.0,1152.0
2.785,5.836,0.882,0.902,124.7,65956.0,968.0
2.466,4.068,0.371,0.856,124.9,66069.0,1207.0
2.793,4.852,0.565,0.867,124.9,66082.0,1085.0
2.267,4.97,0.391,0.888,125.3,66299.0,1090.0
2.011,6.486,0.583,0.999,125.3,66308.0,871.0
3.688,6.173,0.821,0.955,125.4,66360.0,939.0
3.889,5.877,1.18,0.917,125.5,66415.0,1021.0
3.661,6.622,0.988,0.988,126.0,66665.0,903.0
2.003,5.801,0.902,0.924,126.2,66772.0,972.0
2.363,5.259,0.875,0.855,126.3,66808.0,1032.0
2.617,5.752,0.858,0.915,126.5,66944.0,978.0
2.226,3.894,0.521,0.828,126.8,67084.0,1222.0
2.096,4.317,0.42,0.843,126.9,67125.0,1164.0
3.157,5.68,0.481,0.954,126.9,67168.0,1011.0
2.78,3.72,0.36,0.849,127.0,67180.0,1246.0
2.604,4.671,1.005,0.81,127.0,67201.0,1168.0
3.934,3.528,0.246,0.951,127.2,67299.0,1268.0
2.128,5.825,1.079,0.919,127.2,67315.0,998.0
3.783,3.843,0.329,0.916,127.3,67340.0,1232.0
2.244,6.587,0.949,0.984,127.4,67423.0,892.0
2.583,4.03,0.398,0.843,127.6,67497.0,1203.0
2.547,5.509,0.648,0.908,127.7,67584.0,993.0
3.345,4.252,0.273,0.928,128.1,67761.0,1228.0
2.108,3.184,0.228,0.915,128.5,67973.0,1328.0
2.719,4.813,0.631,0.859,128.6,68024.0,1094.0
2.112,3.0,0.283,0.847,128.6,68063.0,1326.0
3.041,3.622,0.559,0.827,129.2,68370.0,1265.0
3.181,5.865,0.413,0.984,129.5,68540.0,1029.0
2.245,3.839,0.559,0.801,129.6,68565.0,1229.0
2.931,5.478,0.323,0.979,129.7,68604.0,1114.0
3.569,5.45,0.756,0.882,129.8,68680.0,1029.0
2.864,5.203,1.098,0.865,129.9,68717.0,1082.0
3.777,4.926,0.869,0.872,130.0,68765.0,1112.0
2.583,5.219,1.124,0.86,130.0,68769.0,1081.0
3.722,4.214,0.39,0.919,130.0,68779.0,1199.0
3.758,5.106,0.314,0.982,130.1,68859.0,1162.0
2.888,5.571,0.483,0.931,130.2,68871.0,1024.0
3.723,5.689,1.15,0.889,130.3,68927.0,1049.0
3.843,3.7,0.471,0.836,130.4,68970.0,1245.0
2.818,5.038,0.87,0.835,130.4,68984.0,1077.0
3.829,3.352,0.314,0.915,130.5,69023.0,1272.0
2.604,5.722,1.182,0.922,130.6,69078.0,1036.0
3.348,5.01,0.938,0.849,131.1,69344.0,1099.0
3.78,4.176,0.988,0.805,131.2,69422.0,1261.0
2.27,5.746,0.557,0.929,131.3,69487.0,979.0
3.3,5.637,1.098,0.9,131.6,69644.0,1045.0
3.533,3.644,0.691,0.805,131.9,69779.0,1291.0
3.636,4.197,0.572,0.872,131.9,69815.0,1192.0
3.259,5.087,1.112,0.846,132.1,69880.0,1110.0
2.642,6.282,0.67,0.996,132.3,69986.0,918.0
3.922,3.164,0.431,0.843,132.5,70102.0,1294.0
2.722,4.824,0.339,0.937,132.6,70170.0,1155.0
2.96,5.957,0.852,0.96,132.6,70175.0,976.0
2.107,4.818,0.725,0.849,132.6,70176.0,1099.0
3.311,5.868,0.765,0.95,132.8,70249.0,983.0
2.932,3.143,0.357,0.87,132.8,70272.0,1303.0
3.167,4.314,1.051,0.802,132.8,70273.0,1245.0
2.235,4.35,0.991,0.819,133.1,70433.0,1223.0
2.521,5.814,0.674,0.942,133.2,70479.0,971.0
2.101,5.875,0.736,0.936,133.5,70617.0,964.0
3.924,6.113,0.66,0.976,133.6,70672.0,968.0
3.747,5.221,0.49,0.967,133.9,70870.0,1092.0
2.306,6.029,1.18,0.964,134.1,70957.0,1009.0
2.863,3.02,0.503,0.804,134.1,70960.0,1330.0
2.809,4.681,0.746,0.853,134.6,71222.0,1129.0
2.942,4.205,0.564,0.85,135.1,71463.0,1184.0
2.425,6.286,0.84,0.984,135.2,71551.0,936.0
2.45,5.72,0.414,0.979,135.3,71580.0,1041.0
3.831,4.897,1.177,0.853,135.3,71584.0,1162.0
2.206,3.028,0.255,0.908,135.3,71591.0,1323.0
3.376,5.681,0.706,0.947,135.6,71767.0,1011.0
2.048,3.41,0.282,0.901,136.3,72108.0,1286.0
3.259,4.773,0.967,0.84,136.5,72200.0,1147.0
2.737,4.854,0.286,0.974,136.5,72209.0,1201.0
3.911,5.728,0.849,0.968,136.5,72246.0,1033.0
2.724,4.018,0.28,0.94,136.6,72276.0,1251.0
3.892,5.623,0.494,0.981,137.0,72464.0,1061.0
2.102,3.707,0.314,0.918,137.0,72502.0,1252.0
2.673,5.257,0.804,0.913,137.2,72577.0,1057.0
3.698,5.445,0.434,0.996,137.2,72611.0,1093.0
3.32,5.359,1.016,0.885,137.4,72686.0,1082.0
3.517,4.105,0.437,0.92,137.5,72769.0,1213.0
2.534,4.185,0.581,0.836,137.9,72944.0,1186.0
3.547,4.713,1.062,0.859,138.3,73163.0,1178.0
3.115,4.786,0.405,0.934,138.4,73222.0,1150.0
2.088,5.781,0.896,0.941,138.5,73306.0,1007.0
2.906,3.912,0.977,0.802,138.6,73323.0,1301.0
2.036,4.098,1.063,0.805,138.6,73337.0,1279.0
3.358,5.365,1.141,0.889,138.6,73354.0,1100.0
3.001,3.871,0.55,0.869,139.0,73542.0,1229.0
2.952,3.634,0.358,0.922,139.4,73766.0,1261.0
2.693,5.761,0.975,0.962,139.7,73916.0,1029.0
2.349,4.349,0.442,0.902,140.0,74063.0,1168.0
2.358,4.708,1.051,0.853,140.5,74321.0,1163.0
3.072,4.677,0.583,0.894,140.5,74344.0,1139.0
3.209,3.775,0.401,0.897,140.7,74430.0,1248.0
3.86,5.022,0.399,0.978,140.7,74434.0,1162.0
3.678,4.99,0.83,0.917,140.9,74547.0,1125.0
2.535,5.257,1.051,0.881,141.1,74667.0,1095.0
3.23,3.251,0.788,0.803,141.2,74692.0,1361.0
3.744,3.214,0.955,0.804,141.2,74736.0,1396.0
2.264,4.476,0.488,0.887,141.4,74819.0,1151.0
3.259,4.485,0.948,0.86,141.4,74836.0,1198.0
2.626,6.152,1.091,0.993,141.5,74861.0,1002.0
3.058,3.642,0.292,0.967,141.5,74867.0,1287.0
3.174,4.586,0.584,0.895,141.7,74985.0,1155.0
3.653,3.587,1.18,0.828,141.7,74986.0,1378.0
3.332,4.39,0.391,0.941,142.1,75211.0,1207.0
2.551,3.197,0.247,0.962,142.2,75233.0,1327.0
2.919,5.297,0.61,0.944,142.2,75239.0,1066.0
2.946,3.638,0.294,0.961,142.6,75469.0,1288.0
2.756,5.248,0.588,0.93,142.8,75573.0,1071.0
3.94,3.041,0.301,0.952,142.9,75591.0,1320.0
2.736,3.831,0.59,0.852,143.0,75677.0,1237.0
3.155,3.354,0.518,0.836,143.1,75693.0,1293.0
2.872,3.712,0.573,0.858,143.2,75762.0,1252.0
2.062,4.868,0.684,0.889,143.3,75840.0,1107.0
3.371,4.215,0.86,0.845,143.6,75992.0,1230.0
3.702,4.037,0.524,0.91,143.8,76089.0,1233.0
3.824,4.097,0.911,0.852,144.0,76195.0,1266.0
2.092,3.1,0.419,0.879,144.1,76269.0,1308.0
2.663,4.595,0.599,0.913,144.2,76290.0,1149.0
2.13,4.885,0.733,0.887,144.3,76368.0,1111.0
3.291,4.691,0.714,0.882,144.8,76591.0,1156.0
3.654,3.589,0.339,0.943,144.9,76667.0,1292.0
3.389,5.575,0.578,0.993,144.9,76694.0,1053.0
2.153,3.981,0.424,0.926,145.0,76746.0,1215.0
2.221,4.777,0.691,0.885,145.2,76830.0,1125.0
2.416,3.491,0.926,0.822,145.3,76856.0,1351.0
3.197,3.311,1.013,0.806,145.4,76908.0,1391.0
3.119,5.955,0.951,0.976,145.6,77045.0,1023.0
2.1,4.873,0.473,0.964,145.9,77172.0,1124.0
3.878,3.132,0.258,0.998,146.5,77526.0,1332.0
2.116,3.556,1.039,0.8,146.7,77629.0,1357.0
3.682,3.775,0.818,0.835,146.9,77710.0,1295.0
3.445,4.637,0.769,0.886,146.9,77744.0,1176.0
3.992,3.111,0.454,0.9,147.0,77756.0,1329.0
2.204,5.449,0.922,0.934,147.5,78043.0,1070.0
3.854,4.958,0.461,0.975,147.6,78072.0,1164.0
2.146,4.375,1.08,0.837,147.6,78093.0,1226.0
2.497,5.247,0.704,0.966,147.6,78115.0,1076.0
3.339,3.068,1.089,0.821,147.7,78128.0,1437.0
3.836,3.765,0.394,0.961,147.7,78173.0,1280.0
2.11,3.059,0.763,0.814,148.0,78297.0,1375.0
2.609,3.394,1.069,0.8,148.1,78368.0,1388.0
2.31,4.759,0.796,0.887,148.3,78480.0,1145.0
3.722,3.791,0.901,0.844,148.5,78573.0,1307.0
2.181,3.22,0.354,0.921,148.6,78628.0,1296.0
3.109,4.086,0.942,0.854,148.6,78641.0,1264.0
2.542,3.1,0.274,0.944,148.7,78705.0,1333.0
3.883,3.23,0.351,0.949,148.8,78725.0,1323.0
3.262,3.06,1.133,0.806,148.9,78781.0,1444.0
3.515,4.39,0.71,0.907,148.9,78788.0,1209.0
2.592,4.792,0.876,0.896,149.0,78833.0,1154.0
3.25,3.063,0.576,0.845,149.1,78873.0,1341.0
2.523,3.441,0.302,0.928,149.3,78975.0,1306.0
2.346,4.23,1.025,0.86,149.4,79057.0,1247.0
3.708,3.121,0.681,0.857,149.4,79065.0,1355.0
3.699,5.555,0.707,0.99,149.5,79094.0,1069.0
2.801,5.198,0.75,0.958,149.5,79110.0,1094.0
3.816,5.358,1.07,0.961,149.6,79146.0,1128.0
2.348,5.714,0.767,0.979,149.9,79327.0,1030.0
3.894,3.056,0.468,0.926,150.0,79383.0,1340.0
2.368,4.312,0.594,0.896,150.0,79391.0,1187.0
3.404,4.014,0.417,0.945,150.1,79417.0,1253.0
3.085,3.057,1.13,0.803,150.2,79474.0,1444.0
3.49,4.661,0.923,0.92,150.2,79487.0,1198.0
3.847,3.091,0.741,0.859,150.2,79498.0,1374.0
2.604,3.173,0.546,0.851,150.3,79510.0,1316.0
2.293,4.76,0.905,0.92,150.6,79675.0,1162.0
3.619,4.613,0.412,0.984,150.8,79816.0,1210.0
2.508,3.639,0.447,0.902,150.9,79863.0,1260.0
2.159,3.372,0.576,0.855,151.1,79938.0,1293.0
3.678,4.038,0.459,0.945,151.7,80262.0,1257.0
2.435,5.13,0.756,0.948,151.9,80360.0,1104.0
2.984,4.499,0.794,0.919,151.9,80366.0,1198.0
2.173,4.2,1.187,0.858,152.0,80423.0,1273.0
3.599,3.523,0.385,0.942,152.1,80487.0,1305.0
3.44,5.321,1.138,0.935,152.2,80515.0,1139.0
3.538,5.251,1.027,0.928,152.2,80551.0,1136.0
3.427,3.068,0.263,0.992,152.5,80709.0,1351.0
2.057,5.347,0.554,0.985,152.5,80712.0,1077.0
3.851,4.725,0.683,0.954,152.8,80858.0,1188.0
3.051,3.136,0.652,0.838,153.2,81057.0,1346.0
3.356,4.803,0.666,0.968,153.2,81082.0,1164.0
3.917,3.461,1.067,0.862,153.3,81108.0,1384.0
3.849,3.906,0.361,0.995,153.9,81429.0,1288.0
3.055,3.022,0.65,0.875,154.4,81669.0,1360.0
2.434,3.971,1.068,0.859,154.4,81719.0,1298.0
2.368,4.557,0.888,0.91,154.4,81720.0,1197.0
2.713,5.531,0.795,0.994,154.9,81967.0,1070.0
2.756,5.26,1.192,0.972,155.0,82003.0,1148.0
2.423,3.997,0.412,0.946,155.6,82318.0,1243.0
3.602,3.259,0.921,0.852,155.6,82330.0,1383.0
3.678,3.807,0.469,0.937,155.9,82512.0,1286.0
3.132,4.17,0.491,0.929,156.0,82533.0,1235.0
3.017,4.129,0.722,0.887,156.1,82586.0,1246.0
2.376,5.639,1.066,0.984,156.3,82702.0,1091.0
3.516,3.535,1.092,0.855,156.4,82770.0,1372.0
3.514,4.152,0.828,0.914,156.6,82853.0,1269.0
2.955,4.093,0.735,0.905,157.4,83260.0,1253.0
3.135,3.582,0.578,0.924,157.4,83271.0,1296.0
2.074,5.049,0.519,0.997,157.4,83308.0,1127.0
2.675,4.841,0.48,0.977,157.5,83342.0,1165.0
2.991,5.357,0.748,0.997,157.6,83377.0,1099.0
2.732,5.516,0.916,0.989,157.6,83380.0,1092.0
3.285,4.864,0.826,0.957,157.6,83384.0,1175.0
3.968,4.543,0.752,0.97,157.8,83469.0,1232.0
3.433,4.235,0.911,0.895,157.8,83479.0,1267.0
2.028,5.112,0.55,0.981,157.8,83492.0,1117.0
3.82,4.845,0.907,0.939,157.9,83523.0,1198.0
2.521,5.043,0.987,0.937,158.3,83751.0,1154.0
2.129,3.127,0.669,0.842,158.5,83878.0,1345.0
2.613,3.699,1.083,0.844,158.5,83890.0,1343.0
3.551,4.284,0.602,0.928,158.6,83931.0,1241.0
3.643,4.809,0.876,0.927,158.6,83934.0,1198.0
2.892,4.002,0.353,0.99,158.7,83951.0,1278.0
2.384,5.034,1.024,0.97,159.1,84199.0,1160.0
2.986,3.076,0.8,0.875,159.2,84208.0,1384.0
2.33,3.499,0.92,0.839,159.7,84477.0,1346.0
3.259,3.956,0.787,0.902,159.8,84569.0,1288.0
3.327,4.865,0.567,0.992,159.9,84597.0,1173.0
3.111,5.466,1.02,0.993,160.0,84644.0,1121.0
2.543,4.653,0.694,0.971,160.2,84764.0,1182.0
3.766,3.952,0.415,0.98,160.6,84974.0,1292.0
3.228,3.35,0.6,0.897,160.9,85141.0,1332.0
3.318,4.303,0.63,0.933,161.0,85204.0,1238.0
3.364,4.023,0.894,0.925,161.1,85239.0,1298.0
2.405,4.996,1.12,0.942,161.2,85269.0,1180.0
2.553,3.366,0.948,0.859,161.3,85365.0,1370.0
2.406,3.413,0.958,0.845,161.4,85406.0,1364.0
2.765,4.142,0.936,0.907,162.5,85988.0,1279.0
2.018,4.801,0.893,0.971,162.9,86177.0,1181.0
3.542,3.903,0.95,0.922,163.1,86312.0,1329.0
2.971,4.861,1.089,0.93,163.3,86422.0,1209.0
3.058,5.248,0.883,0.979,163.4,86459.0,1139.0
3.767,3.513,0.831,0.908,163.4,86473.0,1367.0
3.798,3.886,1.055,0.897,163.6,86575.0,1350.0
3.951,3.72,0.606,0.931,163.8,86659.0,1329.0
3.132,4.791,1.049,0.937,164.1,86818.0,1219.0
2.404,3.79,0.725,0.904,164.2,86888.0,1289.0
2.236,4.866,1.115,0.935,164.3,86943.0,1202.0
3.502,4.033,1.113,0.913,164.4,86994.0,1332.0
2.768,4.409,0.707,0.938,164.9,87243.0,1228.0
3.098,3.543,0.731,0.898,164.9,87266.0,1332.0
2.355,4.15,1.059,0.909,165.3,87444.0,1293.0
3.095,3.035,1.156,0.848,165.3,87481.0,1445.0
3.131,3.879,0.934,0.89,165.5,87549.0,1324.0
2.695,3.244,1.176,0.871,165.5,87565.0,1420.0
2.785,4.19,0.625,0.948,165.5,87571.0,1247.0
2.106,3.03,0.872,0.846,165.7,87649.0,1399.0
2.387,3.745,0.746,0.89,165.7,87676.0,1299.0
2.164,4.297,0.635,0.962,165.9,87783.0,1226.0
2.073,3.12,0.94,0.878,165.9,87787.0,1400.0
3.174,4.99,0.754,0.99,165.9,87804.0,1170.0
2.74,4.049,0.584,0.943,166.0,87851.0,1259.0
2.245,3.382,0.423,0.955,166.9,88326.0,1316.0
2.893,3.86,0.957,0.882,167.2,88460.0,1328.0
3.882,5.175,1.139,0.99,167.3,88523.0,1203.0
3.834,3.603,1.111,0.905,167.4,88580.0,1401.0
3.992,3.07,0.56,0.94,168.1,88937.0,1397.0
2.692,3.891,0.997,0.9,168.1,88938.0,1327.0
2.439,3.932,0.402,0.996,168.4,89088.0,1282.0
2.024,4.087,1.196,0.887,168.4,89099.0,1320.0
2.854,3.579,0.822,0.914,168.6,89191.0,1343.0
3.287,3.977,0.691,0.96,169.5,89671.0,1298.0
2.353,3.068,0.598,0.919,169.7,89764.0,1358.0
2.813,5.057,1.002,0.986,170.7,90335.0,1186.0
3.095,3.686,1.087,0.905,171.3,90611.0,1375.0
3.172,3.969,0.726,0.944,171.7,90867.0,1303.0
3.478,4.459,1.174,0.949,171.7,90871.0,1302.0
2.95,4.086,0.757,0.964,171.9,90929.0,1289.0
2.565,3.612,0.932,0.925,171.9,90949.0,1353.0
2.263,3.287,0.463,0.947,172.0,90987.0,1334.0
2.014,3.765,1.015,0.892,172.1,91046.0,1341.0
3.353,4.785,0.848,0.983,172.5,91290.0,1224.0
3.906,3.972,0.932,0.944,172.7,91377.0,1352.0
3.189,3.38,0.981,0.917,172.9,91473.0,1401.0
3.308,3.702,0.681,0.943,173.1,91569.0,1335.0
2.634,3.762,0.625,0.971,173.4,91762.0,1307.0
3.418,4.302,1.09,0.938,173.7,91892.0,1316.0
2.915,3.024,0.772,0.894,173.7,91931.0,1408.0
3.405,4.067,0.902,0.942,174.1,92095.0,1325.0
2.878,3.566,1.098,0.911,174.1,92137.0,1390.0
3.73,4.208,1.167,0.944,175.0,92568.0,1347.0
2.264,3.762,0.432,0.973,175.0,92576.0,1302.0
2.872,4.845,0.973,0.994,175.3,92759.0,1223.0
3.971,3.914,1.079,0.954,175.6,92914.0,1386.0
3.53,3.439,0.474,0.994,175.7,92972.0,1362.0
2.516,4.09,0.848,0.933,176.0,93138.0,1301.0
2.788,3.533,1.174,0.884,176.1,93150.0,1404.0
2.773,3.791,0.725,0.961,176.6,93452.0,1325.0
3.247,3.022,0.566,0.933,176.7,93482.0,1401.0
3.033,3.782,0.775,0.96,177.1,93702.0,1339.0
2.786,3.03,0.872,0.925,177.4,93865.0,1424.0
2.238,3.901,0.752,0.968,177.5,93902.0,1309.0
2.623,4.118,0.955,0.95,177.6,93952.0,1314.0
3.162,3.979,0.936,0.929,177.7,94010.0,1340.0
2.091,3.051,0.486,0.954,178.0,94164.0,1365.0
2.656,3.231,0.403,0.989,178.1,94212.0,1366.0
2.839,3.035,0.549,0.941,178.5,94467.0,1390.0
2.033,4.742,1.021,0.973,179.6,95002.0,1239.0
2.371,3.212,1.006,0.883,179.7,95094.0,1418.0
2.858,3.473,0.694,0.931,179.8,95160.0,1363.0
3.779,3.225,0.812,0.971,179.9,95161.0,1432.0
3.273,3.614,0.844,0.945,180.3,95394.0,1378.0
2.14,4.082,1.096,0.939,181.4,95958.0,1338.0
2.95,3.659,0.533,0.985,181.4,96001.0,1338.0
3.395,3.425,0.842,0.93,181.7,96163.0,1405.0
2.491,4.71,1.179,0.987,181.9,96247.0,1273.0
2.324,4.698,1.164,0.982,182.2,96387.0,1271.0
3.941,3.177,0.996,0.936,182.4,96494.0,1476.0
2.81,3.791,0.968,0.946,183.1,96876.0,1369.0
3.202,3.506,0.875,0.932,183.1,96878.0,1398.0
3.087,3.796,1.101,0.941,184.1,97404.0,1393.0
2.938,3.831,0.621,0.977,184.1,97425.0,1330.0
3.572,3.544,1.099,0.954,184.4,97590.0,1437.0
3.943,3.111,1.103,0.969,184.5,97630.0,1502.0
3.599,3.481,1.09,0.948,184.8,97779.0,1444.0
3.079,3.715,1.075,0.948,185.0,97883.0,1401.0
3.612,4.324,1.108,0.982,186.3,98573.0,1349.0
3.156,4.039,0.789,0.988,186.4,98651.0,1335.0
3.251,3.425,1.056,0.927,187.6,99245.0,1441.0
2.241,3.662,1.038,0.971,188.2,99567.0,1394.0
2.043,3.549,0.547,0.998,188.6,99781.0,1345.0
2.215,3.176,0.752,0.932,189.3,100170.0,1407.0
3.514,3.087,1.145,0.933,190.5,100770.0,1507.0
2.075,3.318,0.869,0.965,190.9,101028.0,1408.0
2.042,3.404,0.577,0.984,192.9,102042.0,1369.0
3.205,3.438,0.776,0.999,195.1,103245.0,1418.0
2.924,3.698,0.854,0.992,195.4,103382.0,1393.0
2.5,3.182,1.089,0.957,195.7,103525.0,1471.0
2.529,3.51,0.775,0.986,198.1,104791.0,1399.0
2.971,3.157,0.802,0.987,201.5,106595.0,1457.0
2.51,3.72,1.092,1.0,201.7,106735.0,1432.0
2.736,3.519,1.062,0.981,203.8,107853.0,1460.0
3.297,3.337,1.131,0.977,204.0,107928.0,1509.0
2.657,3.06,1.099,0.991,211.4,111854.0,1534.0
